{"payment_method_Electronic check": 0.09808193892240524, "internet_service_DSL": 0.08993108570575714, "number_of_referrals": 0.07777152210474014, "monthly_charges": 0.07691846787929535, "payment_method_Mailed check": 0.0766700729727745, "payment_method_Bank transfer (automatic)": 0.0735822543501854, "number_of_dependents": 0.07236165553331375, "total_charges": 0.06648535281419754, "tenure": 0.06605923175811768, "age": 0.06533706188201904, "contract_type_One year": 0.06022046133875847, "internet_service_Fiber optic": 0.0500909648835659, "gender_Male": 0.045774515718221664, "contract_type_Month-to-month": 0.04144285246729851, "gender_Female": 0.03927258402109146, "contract_type_Two year": 0.0, "payment_method_Credit card (automatic)": 0.0, "internet_service_No": 0.0}