{"accuracy": 0.75, "precision": 0.7142857142857143, "recall": 0.625, "f1": 0.6666666666666666, "auc_roc": 0.7708333333333333, "confusion_matrix": [[10, 2], [3, 5]]}